"relative_path"	"bytes"	"sha256"
"CITATION.cff"	"213"	"be12ffb1ea21e9a7732521954add9ff74f007c37894c67739cc7366db20a7a60"
"LICENSE"	"1071"	"376582c70ec520f4a9e4ad820e92c592fcc6e18fe1e5782f146162a77aa45b1b"
"README.md"	"4284"	"bab7307b544365378e246b445c84a9c2806fc85285491a3d434a20b32a531682"
"RELEASE_NOTES_v1.0.0.md"	"1604"	"ecd22d0797d072c1a1d3dab736c9038886f2a721023b1c1ff804786ca39e81fa"
"RUNBOOK.md"	"4310"	"0f125f1abb311be76685cfe9462eed67c25bfe23fa9b2d1f8f36eeedc92a2295"
"THIRD_PARTY_NOTICES.md"	"1249"	"71f2d5eceb42855e9002044648a9b60635749fbbdd0e9e938581a00367e4d02a"
"config/expression_datasets.tsv"	"528"	"cd699960c2bffd457d12f247ce4fda72357197179ffa5135af6510e3d02d3ecc"
"config/expression_thresholds.tsv"	"309"	"d8f7c3080a695f0c9822074b4726d4505036925337d812afd9e3e77d27e5c8a2"
"examples/CLUMP_0001/apaqtl/Skin_Not_Sun_Exposed_Suprapubic/CLUMP_0001_chr1_1122649_1461195.apaqtl.tsv.gz"	"4161544"	"6c52514ce5d47d8961059e09a22d59c9af4a2fb7b027145bf708286efe1dc37b"
"examples/CLUMP_0001/apaqtl/Skin_Sun_Exposed_Lower_leg/CLUMP_0001_chr1_1122649_1461195.apaqtl.tsv.gz"	"4197832"	"8075a79f64d0ebfba90dfa66a5bdcd6ada541b7e2fbed74e4f56ecaa5bcfe07b"
"examples/CLUMP_0001/coloc/COLOC_0000001_harmonized_input.tsv.gz"	"148463"	"c2efe0f83d78d14ed5a0b54deddd1fb311eb0825df6eb4ce1870f5c3ea0e0731"
"examples/CLUMP_0001/coloc/expected_summary.tsv"	"855"	"5e422e2ad1c4f66a976999eae78226cbca543aac989b6aef7d9e7379c6b27195"
"examples/CLUMP_0001/gwas/gwas_region.tsv.gz"	"134257"	"54ee64c1ed1cd1b8b736b856192348b453ec16ae92595ef3f3c8d6061f3c91f3"
"examples/CLUMP_0001/provenance/GCST90691600_clump_uniqueID_r2_0.1_kb1000.log"	"1238"	"fa7355ffd7f7b8158a2213f2a2d16658f58cc020c313425d78aed74405eba00c"
"examples/CLUMP_0001/reference/GENCODE_v50_genes_GRCh38.tsv.gz"	"1958357"	"03b97bcb8cf2feb6128b2826ac48e087ffe42f9a3799e0ba6b93582e133f6cf4"
"figures/Figure1_PigmentationAtlas_Workflow.pdf"	"58480"	"4d0f58683d2171bffd053b6808e73674c5948c0911b95b56a3e57d8c592891e2"
"figures/Figure1_PigmentationAtlas_Workflow.png"	"211456"	"996183bc6ed182a87f66c413164947825ffdcb8a26cd970fb69a9d5410635eec"
"figures/Figure1_PigmentationAtlas_Workflow.tiff"	"1076900"	"9028ed29edf5d0b4fccb6bd846856051585d93c5fd732eae653c64c311593c62"
"figures/Figure3_Gene_Reclassification.pdf"	"47575"	"29d230c557e505f31fa842081c08c59f1335e60f1697c7cf6b15e89b5520f88c"
"figures/Figure3_Gene_Reclassification.png"	"256397"	"d1670e6307221e7a51fb278034aa211a16459a1a8e7a32da7104555f58a5f544"
"figures/Figure3_Gene_Reclassification.tiff"	"494654"	"018a2b19ec28a06f9440f92411010355491124184c1b0eaaab8dd210e5c37bc0"
"figures/Figure3_Gene_Reclassification_data.tsv"	"365"	"7085c24964f76b1aee5c412594598e3eb8f0e6d0cc0e7550f3e54621c27c63ff"
"figures/Figure3_Gene_Reclassification_sessionInfo.txt"	"1193"	"64429de4d98bd84eda9c53f341c253a24a5ff32729088b82fa91a60179d032ce"
"figures/Figure3_Gene_Reclassification_status.tsv"	"563"	"5659b266f6156e48868bd1c0cda08ffe2edeb61e3a7152eaa2c816bcc32cd93f"
"figures/Figure4_Genomewide_Reclassification_Landscape.pdf"	"66681"	"b71a415a26c0422ec6345a9e644efb044805dbcb6ec4b812131c1c5d9d328f75"
"figures/Figure4_Genomewide_Reclassification_Landscape.png"	"288539"	"fc3b799daf9841c2e47bc6ed732880ffe31e319ee457667a99bf6f64adfcde5b"
"figures/Figure4_Genomewide_Reclassification_Landscape.tiff"	"448252"	"e79fb059a114e04558cd03e82fa8745369a58bd9839159aad3fcbd78d03d7fc5"
"figures/Figure5_Conceptual_Biological_Summary.pdf"	"60961"	"8cbffa25d4e7b6ea36b22356dd238c3611e67bc3c2beeb0569121dc3a90701b7"
"figures/Figure5_Conceptual_Biological_Summary.png"	"212903"	"e605eb6a658f2e686ff29fdf79b725ed85223773f500032561138008c1d6642b"
"figures/Figure5_Conceptual_Biological_Summary.tiff"	"852292"	"4486aad087b20ac279070197b4eb0211ce6c1a19bc913ef57c38978f349eea03"
"figures/Supplementary_Figure_S1_pipeline_audit.pdf"	"64727"	"61e887d3d21e950e9eb35e763e52cd0ae2c223cdc2029511f8a986b2b7ef1cd9"
"figures/Supplementary_Figure_S1_pipeline_audit.png"	"130963"	"3529ced427e5a364f85c0195666cd379f227727bcb8d32b312871eb8613e8d9f"
"figures/Supplementary_Figure_S1_pipeline_audit.tiff"	"666844"	"42c1ef3ddc3b98f82307857c141d906e6e6d8537a033d866feabef0e74823a81"
"figures/Supplementary_Figure_S1_pipeline_audit_values.tsv"	"936"	"0b41e943fe8d1cc36110cfff5441846b38c0cc4e8ea4ba91e341245e5f10af74"
"figures/Supplementary_Figure_S2_posterior_probabilities.pdf"	"342860"	"3247e568033ee8627162da07e9341d5b5ebaab1690842b67ad50f6f9477ba4ef"
"figures/Supplementary_Figure_S2_posterior_probabilities.png"	"182110"	"13ff24961be7b6c4dafb132579716ef7b95bbbf578eded6c508c0893f71186ac"
"figures/Supplementary_Figure_S2_posterior_probabilities.tiff"	"884350"	"4485aabec946e762a828af9b4d91019182379f5f5326e1da9e5435987863951a"
"figures/figure_data/Figure1_sessionInfo.txt"	"1131"	"95765fa4d9260cdff48379606be8c43190559731ce0cf370ba43919512b5df84"
"figures/figure_data/Figure1_status.tsv"	"457"	"dacdd89c640d108e1d2600ee6e4336afcda5588e46850b6bac0f4702657b4535"
"figures/figure_data/Figure4_panelA_genomewide_data.tsv"	"57018"	"42b4e03d84e2cc9f1531e45823001f9ac1a9adbec832cb2df3bcdf7492dcddab"
"figures/figure_data/Figure4_panelB_alluvial_data.tsv"	"330"	"38bb579d43af99b3ea242e7cfb06915139089b2632b76bceeba17b24442a4d6b"
"figures/figure_data/Figure4_panelC_top_reclassification_events.tsv"	"7097"	"15f2b6272b371980fe2c2144ea391609e983159bf5f6b83e9afb38e617ffaddd"
"figures/figure_data/Figure4_panelD_chromosome_counts.tsv"	"904"	"c4df3e55606fcab6ba6ee967620563a08b593ab2d6e3e07923cc7ecde9413fe0"
"figures/figure_data/Figure4_sessionInfo.txt"	"1291"	"f8a70f6c6bdf6857f63dee13b63ddca24c6528044a0d245767316c0110d6d7ca"
"figures/figure_data/Figure4_status.tsv"	"221"	"98b6d0e13c6ffa2b3a99db07c23203270d72868b0b8c5a56d5ae4e63a9564602"
"figures/figure_data/Figure5_outcome_summary.tsv"	"351"	"9f6d01c57bdf39abc34443fde7c3c99d8112995f270eea23bbe01a7859b45bbf"
"figures/figure_data/Figure5_priority_by_outcome.tsv"	"1309"	"99cecc26ef4180d3adeaaaf99beab5e833e407003dd386d60504e989014e5629"
"figures/figure_data/Figure5_sessionInfo.txt"	"1193"	"64429de4d98bd84eda9c53f341c253a24a5ff32729088b82fa91a60179d032ce"
"figures/figure_data/Figure5_status.tsv"	"710"	"f7e0a63ed3ae7257c88517163651373db297b09b73646d9d61ca5bc53101161c"
"figures/main/Figure_2_PigmentationAtlas_colocalization_summary.pdf"	"366212"	"b5dc87a6b50b4652a1da927fa8c2d0b1f7ae0bcd6adeaadfcdf9d9d96767505d"
"figures/main/Figure_2_PigmentationAtlas_colocalization_summary.png"	"443108"	"321bc57774bc8b2a27800d9db01684697f777a7d3d1369c83f6a2d6eb3353460"
"figures/main/Figure_2_PigmentationAtlas_colocalization_summary.tiff"	"549648"	"fc4b7be4c90277cc0807e01535e74a601983f18f69ea575330b03b14349927f9"
"figures/main/Figure_2_colocalization_category_counts.tsv"	"321"	"9fc50eb15c5a3814749472104d02cf8bc1806204fec44faa2e286bafe2b1bd62"
"figures/supplementary/Supplementary_Figure_S3_candidate_gene_biotype_landscape.pdf"	"4056"	"61b8cbd78e40dc2bc2ab14b09e4f2c2190d5d6cfdc5791fcadae603b89a8f028"
"figures/supplementary/Supplementary_Figure_S3_candidate_gene_biotype_landscape.png"	"371160"	"e5f64eaf0b3f9fa48f3b2cc7dfb55a17f90f1101e1cdbecce31aac3add907d01"
"figures/supplementary/Supplementary_Figure_S3_candidate_gene_biotype_landscape.tiff"	"51203508"	"1d5ed97e1605e886df57061aa909ca5a1d30017722a3ed223f7d77d0a4d3ef41"
"figures/supplementary/Supplementary_Figure_S4_tissue_specific_colocalization.pdf"	"208424"	"ba7d691243b47852718ff990e6304e30001b26d95cfa1bd583c05eb99dc79d1d"
"figures/supplementary/Supplementary_Figure_S4_tissue_specific_colocalization.png"	"345777"	"42dedbc5b13fd0c062ad4e406e5b207ee14929f8f1e2ae957c8c433594899ffa"
"figures/supplementary/Supplementary_Figure_S4_tissue_specific_colocalization.tiff"	"641356"	"65f01c3638b738dcc67c98d0913fbefacd51cfac7dc6c1b02fdff76e2a22c83d"
"figures/supplementary/Supplementary_Figure_S5_extended_H3_H4_posterior_analyses.pdf"	"55893"	"6afc626a2c14525d390a09c227e6e11274668b9718cbd6d2d1ac8cc2318a1c47"
"figures/supplementary/Supplementary_Figure_S5_extended_H3_H4_posterior_analyses.png"	"743698"	"30958947baa4a4735dd7020bbe5d51635b5ac1e9ff48f450d1f98d6b47c7345b"
"figures/supplementary/Supplementary_Figure_S5_extended_H3_H4_posterior_analyses.tiff"	"1668012"	"ad6d34d2994bff91d32dfb2c51c7d08c3fb34e49d137eabbdbb64cc6f4810130"
"figures/supplementary/Supplementary_Figure_S6_genomewide_reclassification_analyses.pdf"	"55395"	"a90336962e1a440d0e5c6456c5d08716d82545167b781d4c0d5f7166e86f6622"
"figures/supplementary/Supplementary_Figure_S6_genomewide_reclassification_analyses.png"	"405333"	"5292e92b11212f1ae55fdf7a3ee260c75b71f51bcc9a1a88cd574a833f787b17"
"figures/supplementary/Supplementary_Figure_S6_genomewide_reclassification_analyses.tiff"	"874934"	"03619567d157945330910149a0dd48bc1b8f07b3d81c5a73557711da503e4d30"
"renv.lock"	"127513"	"cf76f750e2a360f8d11e155e243c747c9a9efdab5f6e978c6c924f92b1d191cf"
"results/module11/harmonization/catalogue/module11_3B_4_final_qc_status.tsv"	"466"	"ff5a1f5e0bff71b03598d78341fe90fe6ef8b704f9d88daddeeb16d943f4729d"
"results/module12/colocalization/biological_annotation/gene_level/module12_5C_best_gene_per_clump_GENCODEv50.tsv.gz"	"32150"	"954ca122ab2fd1f0b8dc7eb4c44374bcb774ed502b996540e5b44ae404128781"
"results/module12/colocalization/biological_annotation/gene_level/module12_5C_gene_level_candidate_prioritization_GENCODEv50.tsv.gz"	"733046"	"c2bca6e21a0b2a9a94e9edd47375abc4e573a8300e6948937511ad40a5378465"
"results/module12/colocalization/biological_annotation/tables/module12_5B_candidate_gene_prioritization_GENCODEv50.tsv.gz"	"1755518"	"c9d86f43fb73d8a163ddb67bbf9854d898b905336b44d263ad6c4d630e90e10a"
"results/module12/colocalization/catalogue/summary/module12_3_coloc_catalogue_qc.tsv.gz"	"254945"	"beb8ef2e817702fdeb1842b7f6e71222065ebaab7921e4945be8d19e1b3df11e"
"results/module12/colocalization/catalogue/summary/module12_3_coloc_catalogue_summary.tsv.gz"	"922224"	"be561f97e38608d6e33616d234b6788886e138868836e7d657988ac64fdbcd60"
"results/module12/colocalization/catalogue/summary/module12_3_status.tsv"	"282"	"3210c0ad0d3d5fc6ee27ce50aac70884b16a6e5de175c9e1a20fc15f3052869f"
"results/module12/colocalization/prioritization/module12_4_status.tsv"	"369"	"031dd371a88f30fab13b6796109b1d1d2b655a483d53dd310fb66b4f56d2a96c"
"results/module12/colocalization/prioritization/tables/module12_4_ranked_coloc_catalogue.tsv.gz"	"1450202"	"b9a5f9a9b552c20b64e03c4f3f55be3548c514e225ab17c8dace9bdd2f946b37"
"results/module12/colocalization/work_queue/module12_1_status.tsv"	"615"	"8ee865d7d15c10ed0c71d5bd4a3bbb33394aa9ad73d517969987163ca043533d"
"results/module12/reclassification/module12_6_clump_gene_reclassification.tsv.gz"	"38289"	"4037fc7531465c8ee4afd47758a67fef232f5c95e4692b0d910f5cdb321295d5"
"results/module12/reclassification/module12_6_status.tsv"	"546"	"acdc5c6f1bef7e8dc719c62d611d27dee3c09b7e2fd6495977b355ae1770ae66"
"results/module12/reconciliation_v59/audit.tsv"	"215"	"f2e1367756d7a69f1e68a2791c2c5c05bcbaaa95420dd9732f0b76ec815e85a7"
"results/release_audit_v71/R_package_versions.tsv"	"204"	"407b3aa24f0a05992b44c45de6d061832db108a63bf310ba07e62298403a5625"
"results/release_audit_v71/audit.tsv"	"1403"	"a2d38ae820eae342893049875acf16c950cd65b207bef112924548793c11be9f"
"results/release_audit_v71/sessionInfo.txt"	"1688"	"d306026ac433d5171d04f12a48a7a792fd02324ef1aedc4952ddaaf50a711aa7"
"results/release_audit_v72/input_sha256.tsv"	"12260"	"1fdbc9844f0ce877bbd9747acdd9babbda329dbaf5269087e1f1a7cdf824167f"
"results/release_audit_v72/renv.lock"	"127513"	"cf76f750e2a360f8d11e155e243c747c9a9efdab5f6e978c6c924f92b1d191cf"
"results/release_figure_audit_v70/checks.tsv"	"771"	"b81a507f4f49014b6ce50cbb453e4df6d290ca41128e7977c757bfea9b57b9ec"
"results/release_figure_audit_v70/figure_manifest.tsv"	"6834"	"54a8fbf562aba2594c17188df55020a1c14b56fc8240f96274e95a938c778ca4"
"scripts/assemble_staged_coloc_catalogue.R"	"4830"	"d2542dda632543acd93cd693a2d5901c46ef8afa49a041387727afe4041fcca7"
"scripts/audit_new_coloc_units.R"	"2975"	"f7eb5425d760aac9dbd1de071cbef9382cef4d78045f5f4b360e28f48a0d1821"
"scripts/audit_unified_coloc.R"	"5081"	"0138248085a74bb3eaaeafffb3b936a6b34319f5b46423beaef63482f36a2eb1"
"scripts/audit_upstream_phase1_v37.R"	"1412"	"3804a1fb923af28c3a2edbe89e043c77172d6749ce3ee781125d08c2e56e11b0"
"scripts/build_catalogue_9471_v31.R"	"5346"	"cfa908fcca40f7c34ea13c9ace1d3e28ca7bc19fff5c6102d30112245597bf19"
"scripts/build_pigmentationatlas_release_v73.ps1"	"6961"	"95107779f886f388bc5b7b54f19f117a9289516fb5281818543ffaf96b9c83f9"
"scripts/capture_release_environment.R"	"2830"	"8c3884773ea2d9afe2558cb64feefe31b7f8030cbad9d7c026442b325c41f356"
"scripts/check_apaqtl_reader.R"	"1267"	"98d3eccf3f58d37ee08e9b591e15c8f22517dfda35a369734f52fdf0dd86ae6c"
"scripts/check_coloc_example.R"	"3737"	"30c7f35305523bb57a44e0b24f864782fd08317a682af85a3ac29d3155ca36dc"
"scripts/check_susie_reuse_v45.R"	"1514"	"f66a29d25b11a97a1a20bf9e8a757302ece2283b902b83a3627654f9fd7da682"
"scripts/compare_reclassification.R"	"2880"	"a20f4cf3c9ca7253f14e780bf6c3fcdc0b669341707049e5f6eae47bd3e34f1d"
"scripts/compare_staged_module12_1.R"	"3925"	"fefa9550a1a24031fc12d061d942561eac00df3cf42b240193e03f300a9ff85f"
"scripts/diagnose_apaqtl_repair.R"	"2184"	"a61c6e69a0ed6c17213012bebbc434f6a8ddd8bcc549dafc709892ce7c76cd3c"
"scripts/finish_staged_module12_1.R"	"4893"	"19f70166bfb0f2b3f5453379578d069d721f9ace04fbcdd43f65507f05352b8c"
"scripts/hash_release_inputs_v72.ps1"	"2235"	"86e629f09cded7dd1b1d4f9fb5c76b7ce1948c8e0b1c1d97facc55de939beab0"
"scripts/install_validated_scripts_v71.ps1"	"2237"	"1904a2cdb83bce28900a03b246fdcfbd545cb15ba4bdccc9f68defecb51501a4"
"scripts/lock_environment_v72.R"	"1583"	"56d947d7d35322705de0e87213907b709e72a7b2b52d39cd30efe93c1eb658a8"
"scripts/module11_3B_2_read_and_qc_apaqtl.R"	"23030"	"0f210e1af1a569d4de39d0cdc5f13bad4ca5289fede1d340b2b0f6fd0689d480"
"scripts/preflight_full_project.R"	"1791"	"54fb640b4530c6162d12857b476899db2c8541e6cedd0bb2317561272a859591"
"scripts/preflight_upstream.ps1"	"1959"	"6c5d843a5fc0a4ad1d41dd69cd0d58d19aa9636d47c553b53ef3ac51204f5f2a"
"scripts/prepare_clean_workspace.ps1"	"2151"	"0a29b7c7b8ccc22526d07ce021edd484bbedb16ffe2bbeddb7118d1648dfcb88"
"scripts/rebuild_coloc_example.R"	"3129"	"e63747e870282f6fd2c55683dadb512660be5122c183ecd284ff7f224e07816e"
"scripts/recover_large_ld_v42.R"	"4413"	"1bfa4b7fb53d00c1b4386c3ad0b16265e1b859f56b90d4e90d292281292a1ced"
"scripts/run_apaqtl_catalogue_v52.R"	"2459"	"68d3e4bb79703152910dd03bec086098dcbf619403e0b3aebf30793145cac3e4"
"scripts/run_apaqtl_harmonization_prep_v51.R"	"2483"	"fed860d18523228e013619e3bc6e1e7ababcef7ef8d35aaef3321c231bb476d0"
"scripts/run_apaqtl_regions_v50.R"	"1967"	"8994f1d2ad5a9f02dca3525ea22cd96ac50a6d823e2f9d691739f150df052798"
"scripts/run_apaqtl_registry_v49.R"	"1647"	"b758f8e6d0066f09c93854567b284526de31414a4a6b8d4a7f0256d899a833ac"
"scripts/run_fresh_phase1_v72.ps1"	"1242"	"c10008893002d71ab89abe6e23b63656d4780ae8c914a6e31dd1660d569a628c"
"scripts/run_ld_pilot_v40.R"	"2530"	"1a4b35fb521e0a649b8c7a7a8c7a23147c228057b30cafa08b07273c10bc4456"
"scripts/run_module11_audit_v48.R"	"1457"	"527ac8a03440f1f6db89de176819015184c65207ce1787c7c1574bf3b2d92cef"
"scripts/run_new_coloc_units.R"	"4270"	"76638faad69d7a61a7251676588a55a5600509bb3bc5530f5a9ce36c0893c669"
"scripts/run_remaining_coloc_units.R"	"4676"	"99aef92530514e21697948eb6a0c9e57bda459a279f10065f068d58af68ed16b"
"scripts/run_susie_pilot_v43.R"	"1692"	"fd5193e3d6d71e68e000212c4bf8d7eba6a6ccd0c5789ad11aa2e0b5e1773a31"
"scripts/run_susie_psd_v46.R"	"2496"	"ec1c24baa1a2288d71f1ff638085d717de05cc601844f5380bc7befcf18ac554"
"scripts/run_susie_qc_v47.R"	"2019"	"d1e80f997a04a5ff42cf8475661de7ff16698e0ea0048ae5d9b8de8dced47573"
"scripts/run_susie_retry_v44.R"	"2601"	"0403d5df97583dbd44ae9f6cd16161947437f79445d9401b802829470b17b5e1"
"scripts/run_upstream_expression_v38.R"	"3714"	"41d4e8671c76dbe6d7cf5eca65389b4135f188e937b6afed65186c86487e6e65"
"scripts/run_upstream_loci_v39.R"	"4420"	"b9fec0e0239df41733146729249b902a21a52227aede413aaa70bcac79fff548"
"scripts/run_upstream_phase1_v36.R"	"4338"	"6c2ac6b4fc718114ba3a1c2d0d103535f2365b22474070250b006216a2fdc195"
"scripts/stage_apaqtl_repair.R"	"4598"	"119535faeeb12391924b7d4f3d0540d23eb2aa4e35146952f8cee00baa39a1ba"
"scripts/staged_figure3.R"	"17714"	"dd77d2c5c7ec822954f01c20359b8e14a3125f9037b809c92b573ad4894b378d"
"scripts/staged_figure4.R"	"17130"	"d08b359877436eee7d228c39a442eb59999af095398792d1b3acc3935f4c675f"
"scripts/staged_module12_1.R"	"52457"	"946b52090992fa4afe108cc287cb004753044f8327cd9cb66aff07aaaef12a69"
"scripts/staged_module12_2_smoke.R"	"37578"	"f89c3b34d84058d1969566c64cb5f2bf50f9caceaebca2e17397da1ae305a453"
"scripts/staged_module12_4.R"	"10485"	"a9af07a27d8d7b6360862f45455e65d46b4c5c2263739840aef8dfd3da0123ea"
"scripts/staged_module12_5.R"	"11414"	"88fec0644b17ffc7feec1c93b23e693bd4e4f0c263635c8605a668051ed9f8b7"
"scripts/staged_module12_5B.R"	"18814"	"b0cfd3b06466e9c53a168df86a3d0028d20ea0bba0c0afac59ad09912acf53ee"
"scripts/staged_module12_5C.R"	"24002"	"142b97777d75bfce8d16f3a7acf3bcb5a0eee45230d83aa7c3d1fc1bc6d22ea5"
"scripts/staged_module12_6.R"	"28539"	"2abdb3ac7b4e1e8032090bcabc3e55b441902a9e6e6ddb73e71e02034d37a746"
"scripts/upstream/03_build_genomewide_loci.R"	"8320"	"365f71b8f0c5d2c549a0d6f4a154419f0077f51e08fd96bac38cd26743ed0de2"
"scripts/upstream/Code S1.R"	"2164"	"256492c9a1a84ba406122d84a4c1b41933e201d433b3a31dd1812bd7c81364f1"
"scripts/upstream/Code S10.R"	"14133"	"dc5295f52ca05073cf2d0e28992226bc75934b80c1a3b2ae89d9e98c9ace335e"
"scripts/upstream/Code S11.R"	"15052"	"4369e2308e383c51745d84fb6319a0ea4344bf97d8306b21d45be5bd6422379c"
"scripts/upstream/Code S12.R"	"21862"	"3c7e623db978d083f15d04bce65f3f3a7f4571e3d5d50fd2b6d037f652ee9968"
"scripts/upstream/Code S13.R"	"20346"	"f7ac84f4aa6e66ba74fb20ffd83bb48b025529e1df3c10a528b39b6f2383eaad"
"scripts/upstream/Code S14.R"	"32229"	"2f815df3fb12e252b1fa0857b03512bf904780520c883e09ecbde7ede723419b"
"scripts/upstream/Code S14_diagnostic_v41.R"	"33248"	"95a3a8cefc94f0e96dfa1ee5cc79655da1797fb7fba222bb1e42f02283f496fa"
"scripts/upstream/Code S14_v40.R"	"32229"	"2f815df3fb12e252b1fa0857b03512bf904780520c883e09ecbde7ede723419b"
"scripts/upstream/Code S15.R"	"32405"	"008d9ce19935edb44fd3637dea8384165e9df706cc66f280aa12fdba4a3719c7"
"scripts/upstream/Code S15_psd_v46.R"	"33475"	"b471c8b17acdf4b98a728a4080c2b7eca42da6b0d6f4ae3df183c1e684385bac"
"scripts/upstream/Code S15_retry_v44.R"	"32685"	"414fc9fd5df98d318cac2664c23a1ece7f6ed7cad737431fa104faaee227cce2"
"scripts/upstream/Code S15_v43.R"	"32635"	"baa721131ec04aaf40f227d7bcf1d051f2fac5d2a00ea8cd906e94e9bd176141"
"scripts/upstream/Code S15_v45.R"	"33532"	"54e02f58cceec8bb48643cbfc5a2874ee74f0f4ed02c21e5d545c534d8735002"
"scripts/upstream/Code S16.R"	"12269"	"59e85bb477d771844315a6df9cad784b74efc8cdff2f6ab995b41ac6fe0ee518"
"scripts/upstream/Code S17.R"	"30637"	"f9fadd1ed62563bc671b3265ae791cc282446dede315b8ccb62e6f5423caa822"
"scripts/upstream/Code S17_v47.R"	"30838"	"bed8bb908022e7e4f71b79e3b2fc01ab744259f768610460171aadc5d002dfda"
"scripts/upstream/Code S18.R"	"15320"	"58e305d015482f4176a628514f1f23a8e2bc58d8a7743da5e8b7b0786b8c4dff"
"scripts/upstream/Code S18_v48.R"	"15328"	"129b4783b17c9ace7dd9de33a5054bea0a9125be991b7982eb55628bdebf6d2d"
"scripts/upstream/Code S19.R"	"10540"	"bd0adc3ba5c9fee427db0fed0b3b5f42d88bdf905991fa1352ea370e681a90c7"
"scripts/upstream/Code S19_v49.R"	"10574"	"811a6c93080c85e1171097d394e9978e5f4645e4bfbc75205205bfa631a84589"
"scripts/upstream/Code S2.R"	"882"	"df131b929cae167bc48720b0a8acb0d07e07fa6ccaf7e5100ecd4e879ef9c6c3"
"scripts/upstream/Code S20.R"	"39882"	"077ded734677b734f90315ac8a17c748c72d2d14f64c02ad9dfd1ecccf6318c4"
"scripts/upstream/Code S21.R"	"36749"	"db47c843e38e09fccc6210a339b6979a5c3be837d21ca83e7ddfbff9c5ceb984"
"scripts/upstream/Code S22.R"	"30056"	"ddd109c12a85773b223b2e050d7386ee4851ed6a107e2f58ef7ddd6d21d4be2f"
"scripts/upstream/Code S23.R"	"33816"	"b9e743cffa754ff747a64a203cc27f2356f9903516411376f003bc13b28a287f"
"scripts/upstream/Code S24.R"	"24327"	"c92fb3649c0f3e7e2f445dae30753fc48c15c7e818730579daaf627745e03ff0"
"scripts/upstream/Code S25.R"	"35576"	"1669097f0a942a59b53bf133ef34f869a38cb0463f4785b57c65cedc9684a491"
"scripts/upstream/Code S26.R"	"48585"	"b0350b4e49da002c48ddd16d18ceb9fa28b3b6ea465b2cdda7f3061a1998e37b"
"scripts/upstream/Code S27.R"	"36724"	"7489256a227ced7b25cdbe31dce0f8bdc32f4e177b34457bce13a06bb7f7b1b2"
"scripts/upstream/Code S28.R"	"22138"	"8e298d3e14b49e3308ba67c62a0dbaaad1d663986bfed5738df68185014245e7"
"scripts/upstream/Code S29.R"	"10360"	"723f14fc37467cd362b80400dc462ac3d871ad76cd7eccaa989f2c02eeadb479"
"scripts/upstream/Code S3.R"	"18987"	"d5f017f3e215e30214a196d413ad2ebdb46e2f7b96bcfed6893a4b8c4c9a9123"
"scripts/upstream/Code S30.R"	"18624"	"be21a4d04e314cc684826b7ff311a5ebf1786d66304468df4567f032cc3c3b18"
"scripts/upstream/Code S31.R"	"23876"	"79fa5c909969dd7c335c5836d6e7aa09b9e500487c327ef21755971676b8ce2c"
"scripts/upstream/Code S32.R"	"28257"	"af49083f43be9fc40e44f2a54dde3fd9c04dfe032864baa3b61fbfcbb4c3dbc5"
"scripts/upstream/Code S33.R"	"7872"	"0d26847c5236820a0b1503b26facbd4fb8bc78cf89c87876d91bf3ae038ae0c4"
"scripts/upstream/Code S34.R"	"10498"	"5e58a7bb92a1a8f2547edbb15c9ef099efb0d368f13e429623a323eabaf7f8fd"
"scripts/upstream/Code S35.R"	"17590"	"24bfbb78ca9c251e8dafea9a390b07fc17597b04e57e8249a9868faf7fb672f6"
"scripts/upstream/Code S36.R"	"16966"	"b819eaf39f096640e1c84b599a55bf507c78be338964cd1af74c5bd55457195a"
"scripts/upstream/Code S37.R"	"18472"	"e3d1ffa68161473341ae3dddf95da9d7c2f57f1d394470b70d093a525acb35a6"
"scripts/upstream/Code S38.R"	"13077"	"0154cfcd0f31b1eb3679a377e1ef4f2e4f59cb46771af2f374cd4b0ac803f53b"
"scripts/upstream/Code S39.R"	"24278"	"cc4d85bbc2c3d515951f85e3079f41a62ed7b6869c50fe51dfe80f9c26c48dd8"
"scripts/upstream/Code S4.R"	"7487"	"c8fd2c28c584b0ab45776b81191a306d2d0e74e37f0a92acec86fcfe86214f8b"
"scripts/upstream/Code S40.R"	"10173"	"f6891e48d598fdce2d2c141d72413e5442c8137120aa0349bcd3150372991711"
"scripts/upstream/Code S41.R"	"11415"	"a226ac0c6ac1b3c68f0545cb697ec6f1532356149545758e3723fa8e3350c90c"
"scripts/upstream/Code S42.R"	"15457"	"dec795b469fb74ce9f35b37c1dd503d70a7554e9bbbe8062889821242e3d6a70"
"scripts/upstream/Code S43.R"	"14411"	"974998cf0d8e96bdcafc6dab720906558a6307868f6e99bf5c0b4f2f4a4af458"
"scripts/upstream/Code S5.R"	"9010"	"67aed98d488a7022399e0785629d3303bfbcdc67a79fd14b63dcc737dcc83cc9"
"scripts/upstream/Code S6.R"	"27028"	"fb8c32a8b96fe39b1e6f58f41d235db6f59c524ed0c170ac7ada5e809658584e"
"scripts/upstream/Code S7.R"	"7430"	"e25ee5d764ac81354901b6c542008c537d531476597b71106ea9fd2dc4fa11c2"
"scripts/upstream/Code S8.R"	"8523"	"6baac68962a3e0372c8b1d2b9310d2134aba81ccac0fdfe6d2889f61ab51b266"
"scripts/upstream/Code S9.R"	"5931"	"e37f7e3442f59a685d5940bc7f3f5bde3f7e805835e54fedd562d959fb8c0f8a"
"scripts/validate_clean_release_v71.R"	"5436"	"f0af50a1e05ad6973111dd6c69f33a14462912f8782bcf81dea1cf04f362db99"
"scripts/validated/Code S26_v53.R"	"48597"	"f359923f16049260a77aa92bfdc5c7e4df140979c46ae892e3a8b3400b7b11af"
"scripts/validated/Code S28_v55.R"	"22088"	"e5664e02ae2dc477f7ded5a7bcd47ef87cd25498f6e765e37888f7cbd0db33c5"
"scripts/validated/Code S29A_v56.R"	"11844"	"be7ae8b85a9e6689e439408d415092bc9e0efc8cd8d272f3b7b772924e899db9"
"scripts/validated/Code S30_v57.R"	"18693"	"5c83f0520750300af2b9a0c07fdd449b64ba6277ca3078137a70ad3b2756d269"
"scripts/validated/Code S31_v58.R"	"24359"	"15a02d53e17d7cc7b8744b8bd9208bcf23f9386b14c43c904ae818f44b854ac5"
"scripts/validated/Code S38_v63.R"	"14516"	"095f798e8190bf45b8825ae2063c046cd9645ba258aa068d1474c954327d9766"
"scripts/validated/Code S39_v64.R"	"23902"	"1c2fcba2000b03214e62ae9b8ef9ddd869d6fc2b92aa79a5a67d323d585dd02d"
"scripts/validated/Code S40_v67.R"	"11973"	"7208e7c89194a22d29f4bd9e62b7c5dab26a8e1c02c61f848e425f004f7b02d1"
"scripts/validated/Code S41_v69.R"	"11999"	"cc586819faf83b1bdcad247d868d6875d76cc085c24a2ce8547b3960c61cff4c"
"scripts/validated/Code S42_v69.R"	"16077"	"a923158df034ce928a144d7e159ee0acabf87b92c712d417726f5b93c51eb1d0"
"scripts/validated/audit_coloc_catalogue_v54.R"	"3295"	"b86af0c7524665a59f68aaa05fe8af62c9b4720cf2a040ac8857a89e5e055f0f"
"scripts/validated/audit_release_figures_v70.R"	"5021"	"b388ff3c39f92e88531ee42e8bab1166ac12e773bf3523920d1eab7bfa7e8c71"
"scripts/validated/explain_membership_v61.R"	"3070"	"75d9f36599f569f18cb23db7cf3a2c03cc259a90a610f9f77e7e41f53c1d70c0"
"scripts/validated/reconcile_catalogues_v59.R"	"4637"	"df2bf72c9bf9a3bc1a5b2044b813b324abb629bb9be4d3b55a3ab22fcdb16309"
"scripts/validated/reconcile_clump_labels_v62.R"	"2777"	"d61571e286f493b3d263e3c612c447ccc81d79185d2890ab70162e05a2c29919"
"scripts/verify_catalogue_9471_v31.R"	"3621"	"315a238d576bdbbc5ee8751046543624864e25a19bb39fd399033ec1a56bb6a0"
"scripts/verify_unified_downstream.R"	"2859"	"1c790b2a56fb1ceaf499926f072345a652dd0ade23096599904bc96e12185a06"
