label	base	extension	path	bytes	status
Figure1	figures/Figure1_PigmentationAtlas_Workflow	pdf	C:/Users/User/Desktop/PigmentationAtlas_release_fresh_v72/figures/Figure1_PigmentationAtlas_Workflow.pdf	58480	PASS
Figure1	figures/Figure1_PigmentationAtlas_Workflow	png	C:/Users/User/Desktop/PigmentationAtlas_release_fresh_v72/figures/Figure1_PigmentationAtlas_Workflow.png	211456	PASS
Figure1	figures/Figure1_PigmentationAtlas_Workflow	tiff	C:/Users/User/Desktop/PigmentationAtlas_release_fresh_v72/figures/Figure1_PigmentationAtlas_Workflow.tiff	1076900	PASS
Figure2	figures/main/Figure_2_PigmentationAtlas_colocalization_summary	pdf	C:/Users/User/Desktop/PigmentationAtlas_release_fresh_v72/figures/main/Figure_2_PigmentationAtlas_colocalization_summary.pdf	366212	PASS
Figure2	figures/main/Figure_2_PigmentationAtlas_colocalization_summary	png	C:/Users/User/Desktop/PigmentationAtlas_release_fresh_v72/figures/main/Figure_2_PigmentationAtlas_colocalization_summary.png	443108	PASS
Figure2	figures/main/Figure_2_PigmentationAtlas_colocalization_summary	tiff	C:/Users/User/Desktop/PigmentationAtlas_release_fresh_v72/figures/main/Figure_2_PigmentationAtlas_colocalization_summary.tiff	549648	PASS
Figure3	figures/Figure3_Gene_Reclassification	pdf	C:/Users/User/Desktop/PigmentationAtlas_release_fresh_v72/figures/Figure3_Gene_Reclassification.pdf	47575	PASS
Figure3	figures/Figure3_Gene_Reclassification	png	C:/Users/User/Desktop/PigmentationAtlas_release_fresh_v72/figures/Figure3_Gene_Reclassification.png	256397	PASS
Figure3	figures/Figure3_Gene_Reclassification	tiff	C:/Users/User/Desktop/PigmentationAtlas_release_fresh_v72/figures/Figure3_Gene_Reclassification.tiff	494654	PASS
Figure4	figures/Figure4_Genomewide_Reclassification_Landscape	pdf	C:/Users/User/Desktop/PigmentationAtlas_release_fresh_v72/figures/Figure4_Genomewide_Reclassification_Landscape.pdf	66681	PASS
Figure4	figures/Figure4_Genomewide_Reclassification_Landscape	png	C:/Users/User/Desktop/PigmentationAtlas_release_fresh_v72/figures/Figure4_Genomewide_Reclassification_Landscape.png	288539	PASS
Figure4	figures/Figure4_Genomewide_Reclassification_Landscape	tiff	C:/Users/User/Desktop/PigmentationAtlas_release_fresh_v72/figures/Figure4_Genomewide_Reclassification_Landscape.tiff	448252	PASS
Figure5	figures/Figure5_Conceptual_Biological_Summary	pdf	C:/Users/User/Desktop/PigmentationAtlas_release_fresh_v72/figures/Figure5_Conceptual_Biological_Summary.pdf	60961	PASS
Figure5	figures/Figure5_Conceptual_Biological_Summary	png	C:/Users/User/Desktop/PigmentationAtlas_release_fresh_v72/figures/Figure5_Conceptual_Biological_Summary.png	212903	PASS
Figure5	figures/Figure5_Conceptual_Biological_Summary	tiff	C:/Users/User/Desktop/PigmentationAtlas_release_fresh_v72/figures/Figure5_Conceptual_Biological_Summary.tiff	852292	PASS
S1	figures/Supplementary_Figure_S1_pipeline_audit	pdf	C:/Users/User/Desktop/PigmentationAtlas_release_fresh_v72/figures/Supplementary_Figure_S1_pipeline_audit.pdf	64727	PASS
S1	figures/Supplementary_Figure_S1_pipeline_audit	png	C:/Users/User/Desktop/PigmentationAtlas_release_fresh_v72/figures/Supplementary_Figure_S1_pipeline_audit.png	130963	PASS
S1	figures/Supplementary_Figure_S1_pipeline_audit	tiff	C:/Users/User/Desktop/PigmentationAtlas_release_fresh_v72/figures/Supplementary_Figure_S1_pipeline_audit.tiff	666844	PASS
S2	figures/Supplementary_Figure_S2_posterior_probabilities	pdf	C:/Users/User/Desktop/PigmentationAtlas_release_fresh_v72/figures/Supplementary_Figure_S2_posterior_probabilities.pdf	342860	PASS
S2	figures/Supplementary_Figure_S2_posterior_probabilities	png	C:/Users/User/Desktop/PigmentationAtlas_release_fresh_v72/figures/Supplementary_Figure_S2_posterior_probabilities.png	182110	PASS
S2	figures/Supplementary_Figure_S2_posterior_probabilities	tiff	C:/Users/User/Desktop/PigmentationAtlas_release_fresh_v72/figures/Supplementary_Figure_S2_posterior_probabilities.tiff	884350	PASS
S3	figures/supplementary/Supplementary_Figure_S3_candidate_gene_biotype_landscape	pdf	C:/Users/User/Desktop/PigmentationAtlas_release_fresh_v72/figures/supplementary/Supplementary_Figure_S3_candidate_gene_biotype_landscape.pdf	4056	PASS
S3	figures/supplementary/Supplementary_Figure_S3_candidate_gene_biotype_landscape	png	C:/Users/User/Desktop/PigmentationAtlas_release_fresh_v72/figures/supplementary/Supplementary_Figure_S3_candidate_gene_biotype_landscape.png	371160	PASS
S3	figures/supplementary/Supplementary_Figure_S3_candidate_gene_biotype_landscape	tiff	C:/Users/User/Desktop/PigmentationAtlas_release_fresh_v72/figures/supplementary/Supplementary_Figure_S3_candidate_gene_biotype_landscape.tiff	51203508	PASS
S4	figures/supplementary/Supplementary_Figure_S4_tissue_specific_colocalization	pdf	C:/Users/User/Desktop/PigmentationAtlas_release_fresh_v72/figures/supplementary/Supplementary_Figure_S4_tissue_specific_colocalization.pdf	208424	PASS
S4	figures/supplementary/Supplementary_Figure_S4_tissue_specific_colocalization	png	C:/Users/User/Desktop/PigmentationAtlas_release_fresh_v72/figures/supplementary/Supplementary_Figure_S4_tissue_specific_colocalization.png	345777	PASS
S4	figures/supplementary/Supplementary_Figure_S4_tissue_specific_colocalization	tiff	C:/Users/User/Desktop/PigmentationAtlas_release_fresh_v72/figures/supplementary/Supplementary_Figure_S4_tissue_specific_colocalization.tiff	641356	PASS
S5	figures/supplementary/Supplementary_Figure_S5_extended_H3_H4_posterior_analyses	pdf	C:/Users/User/Desktop/PigmentationAtlas_release_fresh_v72/figures/supplementary/Supplementary_Figure_S5_extended_H3_H4_posterior_analyses.pdf	55893	PASS
S5	figures/supplementary/Supplementary_Figure_S5_extended_H3_H4_posterior_analyses	png	C:/Users/User/Desktop/PigmentationAtlas_release_fresh_v72/figures/supplementary/Supplementary_Figure_S5_extended_H3_H4_posterior_analyses.png	743698	PASS
S5	figures/supplementary/Supplementary_Figure_S5_extended_H3_H4_posterior_analyses	tiff	C:/Users/User/Desktop/PigmentationAtlas_release_fresh_v72/figures/supplementary/Supplementary_Figure_S5_extended_H3_H4_posterior_analyses.tiff	1668012	PASS
S6	figures/supplementary/Supplementary_Figure_S6_genomewide_reclassification_analyses	pdf	C:/Users/User/Desktop/PigmentationAtlas_release_fresh_v72/figures/supplementary/Supplementary_Figure_S6_genomewide_reclassification_analyses.pdf	55395	PASS
S6	figures/supplementary/Supplementary_Figure_S6_genomewide_reclassification_analyses	png	C:/Users/User/Desktop/PigmentationAtlas_release_fresh_v72/figures/supplementary/Supplementary_Figure_S6_genomewide_reclassification_analyses.png	405333	PASS
S6	figures/supplementary/Supplementary_Figure_S6_genomewide_reclassification_analyses	tiff	C:/Users/User/Desktop/PigmentationAtlas_release_fresh_v72/figures/supplementary/Supplementary_Figure_S6_genomewide_reclassification_analyses.tiff	874934	PASS
