relative_path	bytes	SHA256	workspace_sha256	match
data/gwas/GCST90691600.h.tsv	2054541964	3C4F7F550AA479D0716A40A826D73178765B250DE596C2F36ADA92EE60D5ACB7	3C4F7F550AA479D0716A40A826D73178765B250DE596C2F36ADA92EE60D5ACB7	True
data/annotations/gencode/gencode.v50.primary_assembly.annotation.gtf.gz	124650284	89BBAD69A8C89FEE5FADEC0A2F14A098752D27A4EF7F24E4DE9BAC681E1B18F4	89BBAD69A8C89FEE5FADEC0A2F14A098752D27A4EF7F24E4DE9BAC681E1B18F4	True
reference/1000G_GRCh38/1000G_GRCh38_EUR_uniqueID.pgen	1635089314	93CFD7A1B26635047EF59E51FAFBAD39B5F27C88392118D394CBABBBABDCD2C3	93CFD7A1B26635047EF59E51FAFBAD39B5F27C88392118D394CBABBBABDCD2C3	True
reference/1000G_GRCh38/1000G_GRCh38_EUR_uniqueID.pvar.zst	5132220787	199031253EE1340CDA6FD156CED289CC0AE7DFE05E653DF94828DE59A6C74B29	199031253EE1340CDA6FD156CED289CC0AE7DFE05E653DF94828DE59A6C74B29	True
reference/1000G_GRCh38/1000G_GRCh38_EUR_uniqueID.psam	15887	CD9F172E10B1668A6B00AB2C4543F809CCAFFA271A2782C3B5C0587AA83DCA72	CD9F172E10B1668A6B00AB2C4543F809CCAFFA271A2782C3B5C0587AA83DCA72	True
data/expression/GTEx/Skin_Sun_Exposed_Lower_leg.v10.eQTLs.signif_pairs.parquet	133222908	0DF3500CF8723655FDBEDB44FB4CB243DE4FCC2BE84929B4C28679789558ECD0	0DF3500CF8723655FDBEDB44FB4CB243DE4FCC2BE84929B4C28679789558ECD0	True
data/expression/GTEx/Skin_Not_Sun_Exposed_Suprapubic.v10.eQTLs.signif_pairs.parquet	108399875	CB301BEED1462F11DDE694A5BD5FB3F9BA83B2A5B63B0D951C8100AFA83CA23C	CB301BEED1462F11DDE694A5BD5FB3F9BA83B2A5B63B0D951C8100AFA83CA23C	True
data/GTEx_v10_apaQTL/Skin_Not_Sun_Exposed_Suprapubic.v10.cis_apaqtl.allpairs.chr1.parquet	320379232	55E31CF16E77B679216611A2FDF36213FEC71F1F62B62DB6E489C4792D633A43	55E31CF16E77B679216611A2FDF36213FEC71F1F62B62DB6E489C4792D633A43	True
data/GTEx_v10_apaQTL/Skin_Not_Sun_Exposed_Suprapubic.v10.cis_apaqtl.allpairs.chr10.parquet	142002384	1D24FE4E58CB730EBE1E6A268CF9BF9F42110ADEC054C8F5C0C666298CB672BF	1D24FE4E58CB730EBE1E6A268CF9BF9F42110ADEC054C8F5C0C666298CB672BF	True
data/GTEx_v10_apaQTL/Skin_Not_Sun_Exposed_Suprapubic.v10.cis_apaqtl.allpairs.chr11.parquet	172787588	B43A9E0F17CDEDCB9E7EB80C501D60F84644ACC018599ED2E11EC26E1E0BD3BC	B43A9E0F17CDEDCB9E7EB80C501D60F84644ACC018599ED2E11EC26E1E0BD3BC	True
data/GTEx_v10_apaQTL/Skin_Not_Sun_Exposed_Suprapubic.v10.cis_apaqtl.allpairs.chr12.parquet	169645758	72944EDD8FDC6928B723E3D0EB345AA4267B854AE5C6023B8C2922272EEC5B28	72944EDD8FDC6928B723E3D0EB345AA4267B854AE5C6023B8C2922272EEC5B28	True
data/GTEx_v10_apaQTL/Skin_Not_Sun_Exposed_Suprapubic.v10.cis_apaqtl.allpairs.chr13.parquet	70029394	3B5F39EB44116A33D6B801019662D79CA660D3F2367B41E26B3726740FFBD4DD	3B5F39EB44116A33D6B801019662D79CA660D3F2367B41E26B3726740FFBD4DD	True
data/GTEx_v10_apaQTL/Skin_Not_Sun_Exposed_Suprapubic.v10.cis_apaqtl.allpairs.chr14.parquet	120141540	A5E0EB0733E773F59B21ED5AA87279226BAD9F2F9171580777F8B1D690E53A5E	A5E0EB0733E773F59B21ED5AA87279226BAD9F2F9171580777F8B1D690E53A5E	True
data/GTEx_v10_apaQTL/Skin_Not_Sun_Exposed_Suprapubic.v10.cis_apaqtl.allpairs.chr15.parquet	103999362	B19E161B260B293F100C8D69C3CD8EFBC0BC517CC1242054C7B07262F7078E73	B19E161B260B293F100C8D69C3CD8EFBC0BC517CC1242054C7B07262F7078E73	True
data/GTEx_v10_apaQTL/Skin_Not_Sun_Exposed_Suprapubic.v10.cis_apaqtl.allpairs.chr16.parquet	143036208	220A610363DA126C0DFC9B19CD3F31D0BDCF569CAF85A9750292733A017E9FFD	220A610363DA126C0DFC9B19CD3F31D0BDCF569CAF85A9750292733A017E9FFD	True
data/GTEx_v10_apaQTL/Skin_Not_Sun_Exposed_Suprapubic.v10.cis_apaqtl.allpairs.chr17.parquet	178263354	5C0171F79C26A645A10569365A5E376EC6BC5384660E53F17A363A943563B5FA	5C0171F79C26A645A10569365A5E376EC6BC5384660E53F17A363A943563B5FA	True
data/GTEx_v10_apaQTL/Skin_Not_Sun_Exposed_Suprapubic.v10.cis_apaqtl.allpairs.chr18.parquet	53554064	ECE2D212A402F132A3CFC994A8790FC5F9525637028152D92674B0383FEA339D	ECE2D212A402F132A3CFC994A8790FC5F9525637028152D92674B0383FEA339D	True
data/GTEx_v10_apaQTL/Skin_Not_Sun_Exposed_Suprapubic.v10.cis_apaqtl.allpairs.chr19.parquet	207196084	4CF70877A417B7302DD7D526A78D5839296D53E66756940B17E7F507FC43083E	4CF70877A417B7302DD7D526A78D5839296D53E66756940B17E7F507FC43083E	True
data/GTEx_v10_apaQTL/Skin_Not_Sun_Exposed_Suprapubic.v10.cis_apaqtl.allpairs.chr2.parquet	204927599	66414D02ACD3A3D448F370822602B98E31DE887E60BF399003B591BBA16D17AC	66414D02ACD3A3D448F370822602B98E31DE887E60BF399003B591BBA16D17AC	True
data/GTEx_v10_apaQTL/Skin_Not_Sun_Exposed_Suprapubic.v10.cis_apaqtl.allpairs.chr20.parquet	86553079	D9FA622C5F2C9B5F1649009B71FD2CEBEC7F99EC20FCE251106B4E22DEDAA57A	D9FA622C5F2C9B5F1649009B71FD2CEBEC7F99EC20FCE251106B4E22DEDAA57A	True
data/GTEx_v10_apaQTL/Skin_Not_Sun_Exposed_Suprapubic.v10.cis_apaqtl.allpairs.chr21.parquet	33702928	584726285946AB45F58BBB54840A14CED1EDD97E9F99D73BE247E570CF41FB02	584726285946AB45F58BBB54840A14CED1EDD97E9F99D73BE247E570CF41FB02	True
data/GTEx_v10_apaQTL/Skin_Not_Sun_Exposed_Suprapubic.v10.cis_apaqtl.allpairs.chr22.parquet	69459130	6DE4599D5D3EA8E2EFD4590A2902168CAF1C63E541815F9EE25607FA1E310BF5	6DE4599D5D3EA8E2EFD4590A2902168CAF1C63E541815F9EE25607FA1E310BF5	True
data/GTEx_v10_apaQTL/Skin_Not_Sun_Exposed_Suprapubic.v10.cis_apaqtl.allpairs.chr3.parquet	168497402	AC4C74060815EFC79C0F298D7F820E7443D0D84169FED9D76F37F66748DDE3B4	AC4C74060815EFC79C0F298D7F820E7443D0D84169FED9D76F37F66748DDE3B4	True
data/GTEx_v10_apaQTL/Skin_Not_Sun_Exposed_Suprapubic.v10.cis_apaqtl.allpairs.chr4.parquet	122835383	1ABB859FEBA581336E9D57169816C56451E255D3F6099D1D6F3E3332F683D522	1ABB859FEBA581336E9D57169816C56451E255D3F6099D1D6F3E3332F683D522	True
data/GTEx_v10_apaQTL/Skin_Not_Sun_Exposed_Suprapubic.v10.cis_apaqtl.allpairs.chr5.parquet	138104764	867C61B951A314C917D556B8D061CD8190D59324E230CC1FD593C0F07462A2EB	867C61B951A314C917D556B8D061CD8190D59324E230CC1FD593C0F07462A2EB	True
data/GTEx_v10_apaQTL/Skin_Not_Sun_Exposed_Suprapubic.v10.cis_apaqtl.allpairs.chr6.parquet	213490137	F2EEAE338F8C5EB8A8E4715ABF59C11D94291C5155BED8FE7C4285B7E4527791	F2EEAE338F8C5EB8A8E4715ABF59C11D94291C5155BED8FE7C4285B7E4527791	True
data/GTEx_v10_apaQTL/Skin_Not_Sun_Exposed_Suprapubic.v10.cis_apaqtl.allpairs.chr7.parquet	148961071	8AE8A9EB666AE44B613BECE2CCD0DDC539AB85E7518CED3C56651E6EC5014277	8AE8A9EB666AE44B613BECE2CCD0DDC539AB85E7518CED3C56651E6EC5014277	True
data/GTEx_v10_apaQTL/Skin_Not_Sun_Exposed_Suprapubic.v10.cis_apaqtl.allpairs.chr8.parquet	118273286	4BFD1FBBBC7005E033575840371B66D7ECD67D6030E6F0F0350E8180743F5A54	4BFD1FBBBC7005E033575840371B66D7ECD67D6030E6F0F0350E8180743F5A54	True
data/GTEx_v10_apaQTL/Skin_Not_Sun_Exposed_Suprapubic.v10.cis_apaqtl.allpairs.chr9.parquet	142360848	D53555E1C8B8DAF156A74138C726C7DD47F164CFCDE35ECA51FC15B8593B48B9	D53555E1C8B8DAF156A74138C726C7DD47F164CFCDE35ECA51FC15B8593B48B9	True
data/GTEx_v10_apaQTL/Skin_Not_Sun_Exposed_Suprapubic.v10.cis_apaqtl.allpairs.chrX.parquet	59643911	9C31BE068D8560FD364146DAC18CCA6096F448802B61610AFE4C201874FB8B49	9C31BE068D8560FD364146DAC18CCA6096F448802B61610AFE4C201874FB8B49	True
data/GTEx_v10_apaQTL/Skin_Sun_Exposed_Lower_leg.v10.cis_apaqtl.allpairs.chr1.parquet	328021308	D4D1E793DAA3F418D77C8A741B7BCAA0753ED72280E085562C2D018A99E1B645	D4D1E793DAA3F418D77C8A741B7BCAA0753ED72280E085562C2D018A99E1B645	True
data/GTEx_v10_apaQTL/Skin_Sun_Exposed_Lower_leg.v10.cis_apaqtl.allpairs.chr10.parquet	146707714	B2F4151D7821F4BEF88C316F2D583A3DD8CD7FF5337E9526C1BC730768687C47	B2F4151D7821F4BEF88C316F2D583A3DD8CD7FF5337E9526C1BC730768687C47	True
data/GTEx_v10_apaQTL/Skin_Sun_Exposed_Lower_leg.v10.cis_apaqtl.allpairs.chr11.parquet	180668306	AB61C2E3CA4C6D7D01951FF23328F45F80F8CB90260DE0456633D87E8B150022	AB61C2E3CA4C6D7D01951FF23328F45F80F8CB90260DE0456633D87E8B150022	True
data/GTEx_v10_apaQTL/Skin_Sun_Exposed_Lower_leg.v10.cis_apaqtl.allpairs.chr12.parquet	175786282	A6A2EB65B427647DDA27F1D0F0CD2C5FC5E2A2F3BAA9363D19532A1A0DCF5174	A6A2EB65B427647DDA27F1D0F0CD2C5FC5E2A2F3BAA9363D19532A1A0DCF5174	True
data/GTEx_v10_apaQTL/Skin_Sun_Exposed_Lower_leg.v10.cis_apaqtl.allpairs.chr13.parquet	70348880	A73BEAFAE1172C2264BC014B3F1D79D410F384DC124AA7A468664E7760FC25A8	A73BEAFAE1172C2264BC014B3F1D79D410F384DC124AA7A468664E7760FC25A8	True
data/GTEx_v10_apaQTL/Skin_Sun_Exposed_Lower_leg.v10.cis_apaqtl.allpairs.chr14.parquet	125782336	4F88B36A19AD2F68C8E493AB4556DD1A2C89DEF6E7A4101F02AFF93EB7CE356A	4F88B36A19AD2F68C8E493AB4556DD1A2C89DEF6E7A4101F02AFF93EB7CE356A	True
data/GTEx_v10_apaQTL/Skin_Sun_Exposed_Lower_leg.v10.cis_apaqtl.allpairs.chr15.parquet	109261619	A4ED385A7A9DE79B2BA95D77508821F9203AB394797D7591C643FE484CED4F59	A4ED385A7A9DE79B2BA95D77508821F9203AB394797D7591C643FE484CED4F59	True
data/GTEx_v10_apaQTL/Skin_Sun_Exposed_Lower_leg.v10.cis_apaqtl.allpairs.chr16.parquet	145678170	7B394830BA2AD0ACB19691BF2B54AB2C03F0F319E52C67EFC68B7108ACE0159E	7B394830BA2AD0ACB19691BF2B54AB2C03F0F319E52C67EFC68B7108ACE0159E	True
data/GTEx_v10_apaQTL/Skin_Sun_Exposed_Lower_leg.v10.cis_apaqtl.allpairs.chr17.parquet	181884497	3C465FE86ACFAFFAC0E274E23527062BF41785E32426C434D3205270C0C6D8DA	3C465FE86ACFAFFAC0E274E23527062BF41785E32426C434D3205270C0C6D8DA	True
data/GTEx_v10_apaQTL/Skin_Sun_Exposed_Lower_leg.v10.cis_apaqtl.allpairs.chr18.parquet	54860165	CA95411859200AB78DFC3F1C6AC99FEACAACBD40F6B78E557F9787B47A7CB3D6	CA95411859200AB78DFC3F1C6AC99FEACAACBD40F6B78E557F9787B47A7CB3D6	True
data/GTEx_v10_apaQTL/Skin_Sun_Exposed_Lower_leg.v10.cis_apaqtl.allpairs.chr19.parquet	209656959	F0F4A2F8D46CE9A64AE8F57FAE178A7BE8390289C2A9077A689B8201244478EB	F0F4A2F8D46CE9A64AE8F57FAE178A7BE8390289C2A9077A689B8201244478EB	True
data/GTEx_v10_apaQTL/Skin_Sun_Exposed_Lower_leg.v10.cis_apaqtl.allpairs.chr2.parquet	209378893	3F687420E74A4CFC48736139A3346C28E762D9F0611B4CB854FBEC7FDCE92337	3F687420E74A4CFC48736139A3346C28E762D9F0611B4CB854FBEC7FDCE92337	True
data/GTEx_v10_apaQTL/Skin_Sun_Exposed_Lower_leg.v10.cis_apaqtl.allpairs.chr20.parquet	89280244	BC94014F764BA68E602B531FDC8767E65484FA88EB3D4AC1FA520D52BDAAA50C	BC94014F764BA68E602B531FDC8767E65484FA88EB3D4AC1FA520D52BDAAA50C	True
data/GTEx_v10_apaQTL/Skin_Sun_Exposed_Lower_leg.v10.cis_apaqtl.allpairs.chr21.parquet	35841930	709F0D0C385B7F49E47CAD6D122F4A56D2A3090AD9FCCD228342CEE47626B451	709F0D0C385B7F49E47CAD6D122F4A56D2A3090AD9FCCD228342CEE47626B451	True
data/GTEx_v10_apaQTL/Skin_Sun_Exposed_Lower_leg.v10.cis_apaqtl.allpairs.chr22.parquet	71755193	3311F44F47162F3548B7C135D598F656F8B105F1B07387B4BE8E00B8711DC366	3311F44F47162F3548B7C135D598F656F8B105F1B07387B4BE8E00B8711DC366	True
data/GTEx_v10_apaQTL/Skin_Sun_Exposed_Lower_leg.v10.cis_apaqtl.allpairs.chr3.parquet	178687408	093585DE699EBB8D808BB8CD9BEE47F9F2004F4078EC8C093CD06986D8DCF580	093585DE699EBB8D808BB8CD9BEE47F9F2004F4078EC8C093CD06986D8DCF580	True
data/GTEx_v10_apaQTL/Skin_Sun_Exposed_Lower_leg.v10.cis_apaqtl.allpairs.chr4.parquet	129401370	C47CDF616DEDD48D6D0504482A95D03597D874F198A088C263770DA6669B1A70	C47CDF616DEDD48D6D0504482A95D03597D874F198A088C263770DA6669B1A70	True
data/GTEx_v10_apaQTL/Skin_Sun_Exposed_Lower_leg.v10.cis_apaqtl.allpairs.chr5.parquet	143754901	DA882C692250FD81987624C2E48DD667BE7AB682B4663DF46978A3FF98562CF7	DA882C692250FD81987624C2E48DD667BE7AB682B4663DF46978A3FF98562CF7	True
data/GTEx_v10_apaQTL/Skin_Sun_Exposed_Lower_leg.v10.cis_apaqtl.allpairs.chr6.parquet	218730362	73E27063013B6F57FA67045DDD4D06964E33CA29C487B6F74FCA85755B366374	73E27063013B6F57FA67045DDD4D06964E33CA29C487B6F74FCA85755B366374	True
data/GTEx_v10_apaQTL/Skin_Sun_Exposed_Lower_leg.v10.cis_apaqtl.allpairs.chr7.parquet	155407509	D84FF046C12DB783B87FCDD7BA75A4695EDCE9DF89E9E3F85CB5AB069D5B5B85	D84FF046C12DB783B87FCDD7BA75A4695EDCE9DF89E9E3F85CB5AB069D5B5B85	True
data/GTEx_v10_apaQTL/Skin_Sun_Exposed_Lower_leg.v10.cis_apaqtl.allpairs.chr8.parquet	129672654	3FAAF755A4784396FBD4A142495A539FD70532DA28885C4D25B583990F3B6307	3FAAF755A4784396FBD4A142495A539FD70532DA28885C4D25B583990F3B6307	True
data/GTEx_v10_apaQTL/Skin_Sun_Exposed_Lower_leg.v10.cis_apaqtl.allpairs.chr9.parquet	145932704	E6EB5B25F94014533E30324824A4CF250A78D38F9AC9010D9051FCB251A11414	E6EB5B25F94014533E30324824A4CF250A78D38F9AC9010D9051FCB251A11414	True
data/GTEx_v10_apaQTL/Skin_Sun_Exposed_Lower_leg.v10.cis_apaqtl.allpairs.chrX.parquet	61660574	B17DD3912A0C2864920E15297B55AA9938F8B7E030F0160F2813C235D9536C1F	B17DD3912A0C2864920E15297B55AA9938F8B7E030F0160F2813C235D9536C1F	True
