chromosome	outcome	N
1	Different coding gene	15
1	Unchanged coding gene	1
1	Pseudogene	2
2	Different coding gene	4
2	Unchanged coding gene	1
3	Different coding gene	3
4	Different coding gene	3
5	Different coding gene	3
6	Unchanged coding gene	6
6	Different coding gene	6
7	Different coding gene	7
8	Different coding gene	2
8	Unchanged coding gene	1
9	Different coding gene	3
9	Unchanged coding gene	2
9	Pseudogene	1
10	Different coding gene	2
11	Unchanged coding gene	2
11	Different coding gene	12
12	Different coding gene	4
13	Different coding gene	3
14	Unchanged coding gene	2
14	Different coding gene	3
15	Different coding gene	5
16	Unchanged coding gene	2
16	Different coding gene	4
17	Different coding gene	9
17	Regulatory RNA	1
18	Different coding gene	1
20	Different coding gene	13
21	Different coding gene	2
22	Different coding gene	3
22	Unchanged coding gene	2
