priority_label	priority_class	reclassification_type	N	outcome_label	total	percent_within_class
Strong H4	STRONG_H4	CODING_TO_OTHER_OR_UNKNOWN	0	Other / unknown	19	0
Strong H4	STRONG_H4	CODING_TO_OTHER_PROTEIN_CODING	14	Different coding gene	19	73.6842105263158
Strong H4	STRONG_H4	CODING_TO_PSEUDOGENE	0	Pseudogene	19	0
Strong H4	STRONG_H4	CODING_TO_REGULATORY_RNA	0	Regulatory RNA	19	0
Strong H4	STRONG_H4	UNCHANGED_PROTEIN_CODING	5	Unchanged coding gene	19	26.3157894736842
Moderate H4	MODERATE_H4	CODING_TO_OTHER_OR_UNKNOWN	0	Other / unknown	31	0
Moderate H4	MODERATE_H4	CODING_TO_OTHER_PROTEIN_CODING	28	Different coding gene	31	90.3225806451613
Moderate H4	MODERATE_H4	CODING_TO_PSEUDOGENE	1	Pseudogene	31	3.2258064516129
Moderate H4	MODERATE_H4	CODING_TO_REGULATORY_RNA	0	Regulatory RNA	31	0
Moderate H4	MODERATE_H4	UNCHANGED_PROTEIN_CODING	2	Unchanged coding gene	31	6.45161290322581
Suggestive H4	SUGGESTIVE_H4	CODING_TO_OTHER_OR_UNKNOWN	0	Other / unknown	80	0
Suggestive H4	SUGGESTIVE_H4	CODING_TO_OTHER_PROTEIN_CODING	65	Different coding gene	80	81.25
Suggestive H4	SUGGESTIVE_H4	CODING_TO_PSEUDOGENE	2	Pseudogene	80	2.5
Suggestive H4	SUGGESTIVE_H4	CODING_TO_REGULATORY_RNA	1	Regulatory RNA	80	1.25
Suggestive H4	SUGGESTIVE_H4	UNCHANGED_PROTEIN_CODING	12	Unchanged coding gene	80	15
